{"timestamp": "2025-09-08", "action": "Reduce", "entry_zone": [329.9, 329.9], "stop": 316.14, "take_profit": 350.53, "confidence": 56, "why": "Price below 50DMA; Strong USD (UUP uptrend): reduce risk", "inputs": {"close": 329.9, "sma50": 385.77, "sma200": 357.31, "rsi14": 37.76, "atr14": 16.18, "vix_band": "low", "uup_trend_up": 1}, "suppressed": false, "combined": true, "ml_probs": {"Down": 0.41220512830650796, "Flat": 0.11309132571310497, "Up": 0.47470354598038716}}