{"timestamp": "2025-09-10", "action": "Reduce", "entry_zone": [332.71, 332.71], "stop": 320.97, "take_profit": 350.33, "confidence": 58, "why": "Price below 50DMA; Strong USD (UUP uptrend): reduce risk", "inputs": {"close": 332.71, "sma50": 383.23, "sma200": 356.54, "rsi14": 44.62, "atr14": 13.89, "vix_band": "low", "uup_trend_up": 1}, "suppressed": false, "combined": true, "ml_probs": {"Down": 0.3578833495421161, "Flat": 0.10044222095017967, "Up": 0.5416744295077044}}