{"timestamp": "2025-09-08T14:44:28Z", "probs": {"Down": 0.41220512830650796, "Flat": 0.11309132571310497, "Up": 0.47470354598038716}}