{"timestamp": "2025-09-08T12:25:15Z", "probs": {"Down": 0.33978560033635113, "Flat": 0.10160137776514926, "Up": 0.5586130218984997}}