{"timestamp": "2025-09-10T15:28:58Z", "probs": {"Down": 0.3578833495421161, "Flat": 0.10044222095017967, "Up": 0.5416744295077044}}